ptr,ptr(hex),u32arHPage[16],u16FPageW,u8DesCh,u8DesIntlvA,u16BufIdx,u16CacheAddr,u16XfrCnt,u16FBlockW,u32OrgDesPage2,u8StateW,u8CmdSrc,u8ActMode,u8LSBMode,u16SlotFlagW
0,0x0,"0x000a7cc4,0xc5000a7c,0x7cc5000a,0x0a7cc500,0x000a7cc5,0xc6000a7c,0x7cc6000a,0x0a7cc600,0x000a7cc6,0xc7000a7c,0x7cc7000a,0x0a7cc700,0x000a7cc7,0xc8000a7c,0x7cc8000a,0x0a7cc800",0x000c,0x06,0x00,0x0180,0x3240,0x0040,0x001e,0x000000c6,0x00,0x04,0x00,0x00,0x0040
1,0x1,"0x000a7ccc,0xcd000a7c,0x7ccd000a,0x0a7ccd00,0x000a7ccd,0xce000a7c,0x7cce000a,0x0a7cce00,0x000a7cce,0xcf000a7c,0x7ccf000a,0x0a7ccf00,0x000a7ccf,0xd0000a7c,0x7cd0000a,0x0a7cd000",0x000c,0x07,0x00,0x01c0,0x3280,0x0040,0x001e,0x000000c7,0x00,0x04,0x00,0x00,0x0040
2,0x2,"0xffffffff,0xcdffffff,0x79cdffff,0x0a79cdff,0x000a79cd,0xce000a79,0x79ce000a,0x0a79ce00,0x000a79ce,0xcf000a79,0x79cf000a,0x0a79cf00,0x000a79cf,0xd0000a79,0x79d0000a,0x0a79d000",0x0006,0x07,0x00,0x03ff,0x0000,0x0000,0x001e,0x00000000,0x00,0x04,0x04,0x00,0x0281
3,0x3,"0xffffffff,0xceffffff,0x76ceffff,0x0a76ceff,0x000a76ce,0xcf000a76,0x76cf000a,0x0a76cf00,0x000a76cf,0xd0000a76,0x76d0000a,0x0a76d000,0x000a76d0,0xd1000a76,0x76d1000a,0x0a76d100",0x0000,0x07,0x00,0x0200,0x34c0,0x0200,0x001e,0x00000000,0x00,0x04,0x04,0x00,0x0081
4,0x4,"0x000a7d14,0x15000a7d,0x7d15000a,0x0a7d1500,0x000a7d15,0x16000a7d,0x7d16000a,0x0a7d1600,0x000a7d16,0x17000a7d,0x7d17000a,0x0a7d1700,0x000a7d17,0x18000a7d,0x7d18000a,0x0a7d1800",0x000d,0x00,0x00,0x0200,0x34c0,0x0040,0x001e,0x000000d0,0x00,0x04,0x00,0x00,0x0040
5,0x5,"0x000a7d1c,0x1d000a7d,0x7d1d000a,0x0a7d1d00,0x000a7d1d,0x1e000a7d,0x7d1e000a,0x0a7d1e00,0x000a7d1e,0x1f000a7d,0x7d1f000a,0x0a7d1f00,0x000a7d1f,0x20000a7d,0x7d20000a,0x0a7d2000",0x000d,0x01,0x00,0x0240,0x3500,0x0040,0x001e,0x000000d1,0x00,0x04,0x00,0x00,0x0040
6,0x6,"0x000a7d24,0x25000a7d,0x7d25000a,0x0a7d2500,0x000a7d25,0x26000a7d,0x7d26000a,0x0a7d2600,0x000a7d26,0x27000a7d,0x7d27000a,0x0a7d2700,0x000a7d27,0x28000a7d,0x7d28000a,0x0a7d2800",0x000d,0x02,0x00,0x0280,0x3540,0x0040,0x001e,0x000000d2,0x00,0x04,0x00,0x00,0x0040
7,0x7,"0x000a7d2c,0x2d000a7d,0x7d2d000a,0x0a7d2d00,0x000a7d2d,0x2e000a7d,0x7d2e000a,0x0a7d2e00,0x000a7d2e,0x2f000a7d,0x7d2f000a,0x0a7d2f00,0x000a7d2f,0x30000a7d,0x7d30000a,0x0a7d3000",0x000d,0x03,0x00,0x02c0,0x3580,0x0040,0x001e,0x000000d3,0x00,0x04,0x00,0x00,0x0040
8,0x8,"0x000a7d34,0x35000a7d,0x7d35000a,0x0a7d3500,0x000a7d35,0x36000a7d,0x7d36000a,0x0a7d3600,0x000a7d36,0x37000a7d,0x7d37000a,0x0a7d3700,0x000a7d37,0x38000a7d,0x7d38000a,0x0a7d3800",0x000d,0x04,0x00,0x0300,0x35c0,0x0040,0x001e,0x000000d4,0x00,0x04,0x00,0x00,0x0040
9,0x9,"0x000a7d3c,0x3d000a7d,0x7d3d000a,0x0a7d3d00,0x000a7d3d,0x3e000a7d,0x7d3e000a,0x0a7d3e00,0x000a7d3e,0x3f000a7d,0x7d3f000a,0x0a7d3f00,0x000a7d3f,0x40000a7d,0x7d40000a,0x0a7d4000",0x000d,0x05,0x00,0x0340,0x3600,0x0040,0x001e,0x000000d5,0x00,0x04,0x00,0x00,0x0040
10,0xa,"0x000a7d44,0x45000a7d,0x7d45000a,0x0a7d4500,0x000a7d45,0x46000a7d,0x7d46000a,0x0a7d4600,0x000a7d46,0x47000a7d,0x7d47000a,0x0a7d4700,0x000a7d47,0x48000a7d,0x7d48000a,0x0a7d4800",0x000d,0x06,0x00,0x0380,0x3640,0x0040,0x001e,0x000000d6,0x00,0x04,0x00,0x00,0x0040
11,0xb,"0x000a7d4c,0x4d000a7d,0x7d4d000a,0x0a7d4d00,0x000a7d4d,0x4e000a7d,0x7d4e000a,0x0a7d4e00,0x000a7d4e,0x4f000a7d,0x7d4f000a,0x0a7d4f00,0x000a7d4f,0x50000a7d,0x7d50000a,0x0a7d5000",0x000d,0x07,0x00,0x03c0,0x3680,0x0040,0x001e,0x000000d7,0x00,0x04,0x00,0x00,0x0040
12,0xc,"0xffffffff,0x4dffffff,0x7a4dffff,0x0a7a4dff,0x000a7a4d,0x4e000a7a,0x7a4e000a,0x0a7a4e00,0x000a7a4e,0x4f000a7a,0x7a4f000a,0x0a7a4f00,0x000a7a4f,0x50000a7a,0x7a50000a,0x0a7a5000",0x0007,0x07,0x00,0x03ff,0x0000,0x0000,0x001e,0x00000000,0x00,0x04,0x08,0x00,0x0281
13,0xd,"0xffffffff,0x4dffffff,0x774dffff,0x0a774dff,0x000a774d,0x4e000a77,0x774e000a,0x0a774e00,0x000a774e,0x4f000a77,0x774f000a,0x0a774f00,0x000a774f,0x50000a77,0x7750000a,0x0a775000",0x0001,0x07,0x00,0x0000,0x38c0,0x0200,0x001e,0x00000000,0x00,0x04,0x08,0x00,0x0081
14,0xe,"0x000a7d94,0x95000a7d,0x7d95000a,0x0a7d9500,0x000a7d95,0x96000a7d,0x7d96000a,0x0a7d9600,0x000a7d96,0x97000a7d,0x7d97000a,0x0a7d9700,0x000a7d97,0x98000a7d,0x7d98000a,0x0a7d9800",0x000e,0x00,0x00,0x0000,0x38c0,0x0040,0x001e,0x000000e0,0x00,0x04,0x00,0x00,0x2240
15,0xf,"0x000a7d9c,0x9d000a7d,0x7d9d000a,0x0a7d9d00,0x000a7d9d,0x9e000a7d,0x7d9e000a,0x0a7d9e00,0x000a7d9e,0x9f000a7d,0x7d9f000a,0x0a7d9f00,0x000a7d9f,0xa0000a7d,0x7da0000a,0x0a7da000",0x000e,0x01,0x00,0x0040,0x3900,0x0040,0x001e,0x000000e1,0x00,0x04,0x00,0x00,0x2240
16,0x10,"0x000a7da4,0xa5000a7d,0x7da5000a,0x0a7da500,0x000a7da5,0xa6000a7d,0x7da6000a,0x0a7da600,0x000a7da6,0xa7000a7d,0x7da7000a,0x0a7da700,0x000a7da7,0xa8000a7d,0x7da8000a,0x0a7da800",0x000e,0x02,0x00,0x0080,0x3940,0x0040,0x001e,0x000000e2,0x00,0x04,0x00,0x00,0x2240
17,0x11,"0x000a7dac,0xad000a7d,0x7dad000a,0x0a7dad00,0x000a7dad,0xae000a7d,0x7dae000a,0x0a7dae00,0x000a7dae,0xaf000a7d,0x7daf000a,0x0a7daf00,0x000a7daf,0xb0000a7d,0x7db0000a,0x0a7db000",0x000e,0x03,0x00,0x00c0,0x3980,0x0040,0x001e,0x000000e3,0x00,0x04,0x00,0x00,0x2240
18,0x12,"0x000a7db4,0xb5000a7d,0x7db5000a,0x0a7db500,0x000a7db5,0xb6000a7d,0x7db6000a,0x0a7db600,0x000a7db6,0xb7000a7d,0x7db7000a,0x0a7db700,0x000a7db7,0xb8000a7d,0x7db8000a,0x0a7db800",0x000e,0x04,0x00,0x0100,0x39c0,0x0040,0x001e,0x000000e4,0x00,0x04,0x00,0x00,0x2240
19,0x13,"0x000a7dbc,0xbd000a7d,0x7dbd000a,0x0a7dbd00,0x000a7dbd,0xbe000a7d,0x7dbe000a,0x0a7dbe00,0x000a7dbe,0xbf000a7d,0x7dbf000a,0x0a7dbf00,0x000a7dbf,0xc0000a7d,0x7dc0000a,0x0a7dc000",0x000e,0x05,0x00,0x0140,0x3a00,0x0040,0x001e,0x000000e5,0x00,0x04,0x00,0x00,0x2240
20,0x14,"0x000a7dc4,0xc5000a7d,0x7dc5000a,0x0a7dc500,0x000a7dc5,0xc6000a7d,0x7dc6000a,0x0a7dc600,0x000a7dc6,0xc7000a7d,0x7dc7000a,0x0a7dc700,0x000a7dc7,0xc8000a7d,0x7dc8000a,0x0a7dc800",0x000e,0x06,0x00,0x0180,0x3a40,0x0040,0x001e,0x000000e6,0x00,0x04,0x00,0x00,0x2240
21,0x15,"0x000a7dcc,0xcd000a7d,0x7dcd000a,0x0a7dcd00,0x000a7dcd,0xce000a7d,0x7dce000a,0x0a7dce00,0x000a7dce,0xcf000a7d,0x7dcf000a,0x0a7dcf00,0x000a7dcf,0xd0000a7d,0x7dd0000a,0x0a7dd000",0x000e,0x07,0x00,0x01c0,0x3a80,0x0040,0x001e,0x000000e7,0x00,0x04,0x00,0x00,0x2240
22,0x16,"0xffffffff,0xcdffffff,0x7acdffff,0x0a7acdff,0x000a7acd,0xce000a7a,0x7ace000a,0x0a7ace00,0x000a7ace,0xcf000a7a,0x7acf000a,0x0a7acf00,0x000a7acf,0xd0000a7a,0x7ad0000a,0x0a7ad000",0x0008,0x07,0x00,0x03ff,0x0000,0x0000,0x001e,0x00000000,0x00,0x04,0x00,0x00,0x0281
23,0x17,"0xffffffff,0xcdffffff,0x77cdffff,0x0a77cdff,0x000a77cd,0xce000a77,0x77ce000a,0x0a77ce00,0x000a77ce,0xcf000a77,0x77cf000a,0x0a77cf00,0x000a77cf,0xd0000a77,0x77d0000a,0x0a77d000",0x0002,0x07,0x00,0x0200,0x32c0,0x0200,0x001e,0x00000010,0x00,0x04,0x00,0x00,0x0081
24,0x18,"0xffffffff,0x32ffffff,0x7532ffff,0x0a7532ff,0x000a7532,0x33000a75,0x7533000a,0x0a753300,0x000a7533,0x34000a75,0x7534000a,0x0a753400,0x000a7534,0x35000a75,0x7535000a,0x0a753500",0x017c,0x02,0x00,0x0000,0x0004,0x0020,0x0011,0x00000020,0x00,0x04,0x00,0x80,0x0881
25,0x19,"0x000a7cd4,0xd5000a7c,0x7cd5000a,0x0a7cd500,0x000a7cd5,0xd6000a7c,0x7cd6000a,0x0a7cd600,0x000a7cd6,0xd7000a7c,0x7cd7000a,0x0a7cd700,0x000a7cd7,0xd8000a7c,0x7cd8000a,0x0a7cd800",0x000c,0x00,0x01,0x0200,0x32c0,0x0040,0x001e,0x000000c8,0x00,0x04,0x00,0x00,0x0040
26,0x1a,"0x000a7cdc,0xdd000a7c,0x7cdd000a,0x0a7cdd00,0x000a7cdd,0xde000a7c,0x7cde000a,0x0a7cde00,0x000a7cde,0xdf000a7c,0x7cdf000a,0x0a7cdf00,0x000a7cdf,0xe0000a7c,0x7ce0000a,0x0a7ce000",0x000c,0x01,0x01,0x0240,0x3300,0x0040,0x001e,0x000000c9,0x00,0x04,0x00,0x00,0x0040
27,0x1b,"0x000a7ce4,0xe5000a7c,0x7ce5000a,0x0a7ce500,0x000a7ce5,0xe6000a7c,0x7ce6000a,0x0a7ce600,0x000a7ce6,0xe7000a7c,0x7ce7000a,0x0a7ce700,0x000a7ce7,0xe8000a7c,0x7ce8000a,0x0a7ce800",0x000c,0x02,0x01,0x0280,0x3340,0x0040,0x001e,0x000000ca,0x00,0x04,0x00,0x00,0x0040
28,0x1c,"0x000a7cec,0xed000a7c,0x7ced000a,0x0a7ced00,0x000a7ced,0xee000a7c,0x7cee000a,0x0a7cee00,0x000a7cee,0xef000a7c,0x7cef000a,0x0a7cef00,0x000a7cef,0xf0000a7c,0x7cf0000a,0x0a7cf000",0x000c,0x03,0x01,0x02c0,0x3380,0x0040,0x001e,0x000000cb,0x00,0x04,0x00,0x00,0x0040
29,0x1d,"0x000a7cf4,0xf5000a7c,0x7cf5000a,0x0a7cf500,0x000a7cf5,0xf6000a7c,0x7cf6000a,0x0a7cf600,0x000a7cf6,0xf7000a7c,0x7cf7000a,0x0a7cf700,0x000a7cf7,0xf8000a7c,0x7cf8000a,0x0a7cf800",0x000c,0x04,0x01,0x0300,0x33c0,0x0040,0x001e,0x000000cc,0x00,0x04,0x00,0x00,0x0040
30,0x1e,"0x000a7cfc,0xfd000a7c,0x7cfd000a,0x0a7cfd00,0x000a7cfd,0xfe000a7c,0x7cfe000a,0x0a7cfe00,0x000a7cfe,0xff000a7c,0x7cff000a,0x0a7cff00,0x000a7cff,0x00000a7c,0x7d00000a,0x0a7d0000",0x000c,0x05,0x01,0x0340,0x3400,0x0040,0x001e,0x000000cd,0x00,0x04,0x00,0x00,0x0040
31,0x1f,"0x000a7d04,0x05000a7d,0x7d05000a,0x0a7d0500,0x000a7d05,0x06000a7d,0x7d06000a,0x0a7d0600,0x000a7d06,0x07000a7d,0x7d07000a,0x0a7d0700,0x000a7d07,0x08000a7d,0x7d08000a,0x0a7d0800",0x000c,0x06,0x01,0x0380,0x3440,0x0040,0x001e,0x000000ce,0x00,0x04,0x00,0x00,0x0040
32,0x20,"0x000a7d0c,0x0d000a7d,0x7d0d000a,0x0a7d0d00,0x000a7d0d,0x0e000a7d,0x7d0e000a,0x0a7d0e00,0x000a7d0e,0x0f000a7d,0x7d0f000a,0x0a7d0f00,0x000a7d0f,0x10000a7d,0x7d10000a,0x0a7d1000",0x000c,0x07,0x01,0x03c0,0x3480,0x0040,0x001e,0x000000cf,0x00,0x04,0x00,0x00,0x0040
33,0x21,"0xffffffff,0x0dffffff,0x7a0dffff,0x0a7a0dff,0x000a7a0d,0x0e000a7a,0x7a0e000a,0x0a7a0e00,0x000a7a0e,0x0f000a7a,0x7a0f000a,0x0a7a0f00,0x000a7a0f,0x10000a7a,0x7a10000a,0x0a7a1000",0x0006,0x07,0x01,0x03ff,0x0000,0x0000,0x001e,0x00000000,0x00,0x04,0x04,0x00,0x0281
34,0x22,"0xffffffff,0x0dffffff,0x770dffff,0x0a770dff,0x000a770d,0x0e000a77,0x770e000a,0x0a770e00,0x000a770e,0x0f000a77,0x770f000a,0x0a770f00,0x000a770f,0x10000a77,0x7710000a,0x0a771000",0x0000,0x07,0x01,0x0000,0x36c0,0x0200,0x001e,0x00000010,0x00,0x04,0x04,0x00,0x0081
35,0x23,"0xffffffff,0x6affffff,0x756affff,0x0a756aff,0x000a756a,0x6b000a75,0x756b000a,0x0a756b00,0x000a756b,0x6c000a75,0x756c000a,0x0a756c00,0x000a756c,0x6d000a75,0x756d000a,0x0a756d00",0x017c,0x01,0x01,0x0000,0x0010,0x0020,0x0011,0x00000020,0x00,0x04,0x04,0x80,0x0881
36,0x24,"0x000a7d54,0x55000a7d,0x7d55000a,0x0a7d5500,0x000a7d55,0x56000a7d,0x7d56000a,0x0a7d5600,0x000a7d56,0x57000a7d,0x7d57000a,0x0a7d5700,0x000a7d57,0x58000a7d,0x7d58000a,0x0a7d5800",0x000d,0x00,0x01,0x0000,0x36c0,0x0040,0x001e,0x000000d8,0x00,0x04,0x00,0x00,0x0040
37,0x25,"0x000a7d5c,0x5d000a7d,0x7d5d000a,0x0a7d5d00,0x000a7d5d,0x5e000a7d,0x7d5e000a,0x0a7d5e00,0x000a7d5e,0x5f000a7d,0x7d5f000a,0x0a7d5f00,0x000a7d5f,0x60000a7d,0x7d60000a,0x0a7d6000",0x000d,0x01,0x01,0x0040,0x3700,0x0040,0x001e,0x000000d9,0x00,0x04,0x00,0x00,0x0040
38,0x26,"0x000a7d64,0x65000a7d,0x7d65000a,0x0a7d6500,0x000a7d65,0x66000a7d,0x7d66000a,0x0a7d6600,0x000a7d66,0x67000a7d,0x7d67000a,0x0a7d6700,0x000a7d67,0x68000a7d,0x7d68000a,0x0a7d6800",0x000d,0x02,0x01,0x0080,0x3740,0x0040,0x001e,0x000000da,0x00,0x04,0x00,0x00,0x0040
39,0x27,"0x000a7d6c,0x6d000a7d,0x7d6d000a,0x0a7d6d00,0x000a7d6d,0x6e000a7d,0x7d6e000a,0x0a7d6e00,0x000a7d6e,0x6f000a7d,0x7d6f000a,0x0a7d6f00,0x000a7d6f,0x70000a7d,0x7d70000a,0x0a7d7000",0x000d,0x03,0x01,0x00c0,0x3780,0x0040,0x001e,0x000000db,0x00,0x04,0x00,0x00,0x0040
40,0x28,"0x000a7d74,0x75000a7d,0x7d75000a,0x0a7d7500,0x000a7d75,0x76000a7d,0x7d76000a,0x0a7d7600,0x000a7d76,0x77000a7d,0x7d77000a,0x0a7d7700,0x000a7d77,0x78000a7d,0x7d78000a,0x0a7d7800",0x000d,0x04,0x01,0x0100,0x37c0,0x0040,0x001e,0x000000dc,0x00,0x04,0x00,0x00,0x0040
41,0x29,"0x000a7d7c,0x7d000a7d,0x7d7d000a,0x0a7d7d00,0x000a7d7d,0x7e000a7d,0x7d7e000a,0x0a7d7e00,0x000a7d7e,0x7f000a7d,0x7d7f000a,0x0a7d7f00,0x000a7d7f,0x80000a7d,0x7d80000a,0x0a7d8000",0x000d,0x05,0x01,0x0140,0x3800,0x0040,0x001e,0x000000dd,0x00,0x04,0x00,0x00,0x0040
42,0x2a,"0x000a7d84,0x85000a7d,0x7d85000a,0x0a7d8500,0x000a7d85,0x86000a7d,0x7d86000a,0x0a7d8600,0x000a7d86,0x87000a7d,0x7d87000a,0x0a7d8700,0x000a7d87,0x88000a7d,0x7d88000a,0x0a7d8800",0x000d,0x06,0x01,0x0180,0x3840,0x0040,0x001e,0x000000de,0x00,0x04,0x00,0x00,0x0040
43,0x2b,"0x000a7d8c,0x8d000a7d,0x7d8d000a,0x0a7d8d00,0x000a7d8d,0x8e000a7d,0x7d8e000a,0x0a7d8e00,0x000a7d8e,0x8f000a7d,0x7d8f000a,0x0a7d8f00,0x000a7d8f,0x90000a7d,0x7d90000a,0x0a7d9000",0x000d,0x07,0x01,0x01c0,0x3880,0x0040,0x001e,0x000000df,0x00,0x04,0x00,0x00,0x0040
44,0x2c,"0xffffffff,0x8dffffff,0x7a8dffff,0x0a7a8dff,0x000a7a8d,0x8e000a7a,0x7a8e000a,0x0a7a8e00,0x000a7a8e,0x8f000a7a,0x7a8f000a,0x0a7a8f00,0x000a7a8f,0x90000a7a,0x7a90000a,0x0a7a9000",0x0007,0x07,0x01,0x03ff,0x0000,0x0000,0x001e,0x00000000,0x00,0x04,0x08,0x00,0x0281
45,0x2d,"0xffffffff,0x8dffffff,0x778dffff,0x0a778dff,0x000a778d,0x8e000a77,0x778e000a,0x0a778e00,0x000a778e,0x8f000a77,0x778f000a,0x0a778f00,0x000a778f,0x90000a77,0x7790000a,0x0a779000",0x0001,0x07,0x01,0x0200,0x3ac0,0x0200,0x001e,0x00000010,0x00,0x04,0x08,0x00,0x0081
46,0x2e,"0xffffffff,0x3affffff,0x733affff,0x0a733aff,0x000a733a,0x3b000a73,0x733b000a,0x0a733b00,0x000a733b,0x3c000a73,0x733c000a,0x0a733c00,0x000a733c,0x3d000a73,0x733d000a,0x0a733d00",0x0178,0x01,0x00,0x0000,0x001c,0x0020,0x0011,0x00000020,0x00,0x04,0x08,0x80,0x0881
47,0x2f,"0x000a7dd4,0xd5000a7d,0x7dd5000a,0x0a7dd500,0x000a7dd5,0xd6000a7d,0x7dd6000a,0x0a7dd600,0x000a7dd6,0xd7000a7d,0x7dd7000a,0x0a7dd700,0x000a7dd7,0xd8000a7d,0x7dd8000a,0x0a7dd800",0x000e,0x00,0x01,0x0200,0x3ac0,0x0040,0x001e,0x000000e8,0x00,0x04,0x00,0x00,0x2240
48,0x30,"0x000a7ddc,0xdd000a7d,0x7ddd000a,0x0a7ddd00,0x000a7ddd,0xde000a7d,0x7dde000a,0x0a7dde00,0x000a7dde,0xdf000a7d,0x7ddf000a,0x0a7ddf00,0x000a7ddf,0xe0000a7d,0x7de0000a,0x0a7de000",0x000e,0x01,0x01,0x0240,0x3b00,0x0040,0x001e,0x000000e9,0x00,0x04,0x00,0x00,0x2240
49,0x31,"0x000a7de4,0xe5000a7d,0x7de5000a,0x0a7de500,0x000a7de5,0xe6000a7d,0x7de6000a,0x0a7de600,0x000a7de6,0xe7000a7d,0x7de7000a,0x0a7de700,0x000a7de7,0xe8000a7d,0x7de8000a,0x0a7de800",0x000e,0x02,0x01,0x0280,0x3b40,0x0040,0x001e,0x000000ea,0x00,0x04,0x00,0x00,0x2240
50,0x32,"0x000a7dec,0xed000a7d,0x7ded000a,0x0a7ded00,0x000a7ded,0xee000a7d,0x7dee000a,0x0a7dee00,0x000a7dee,0xef000a7d,0x7def000a,0x0a7def00,0x000a7def,0xf0000a7d,0x7df0000a,0x0a7df000",0x000e,0x03,0x01,0x02c0,0x3b80,0x0040,0x001e,0x000000eb,0x00,0x04,0x00,0x00,0x2240
51,0x33,"0x000a7df4,0xf5000a7d,0x7df5000a,0x0a7df500,0x000a7df5,0xf6000a7d,0x7df6000a,0x0a7df600,0x000a7df6,0xf7000a7d,0x7df7000a,0x0a7df700,0x000a7df7,0xf8000a7d,0x7df8000a,0x0a7df800",0x000e,0x04,0x01,0x0300,0x3bc0,0x0040,0x001e,0x000000ec,0x00,0x04,0x00,0x00,0x2240
52,0x34,"0x000a7dfc,0xfd000a7d,0x7dfd000a,0x0a7dfd00,0x000a7dfd,0xfe000a7d,0x7dfe000a,0x0a7dfe00,0x000a7dfe,0xff000a7d,0x7dff000a,0x0a7dff00,0x000a7dff,0x00000a7d,0x7e00000a,0x0a7e0000",0x000e,0x05,0x01,0x0340,0x0000,0x0040,0x001e,0x000000ed,0x00,0x04,0x00,0x00,0x2240
53,0x35,"0x000a7e04,0x05000a7e,0x7e05000a,0x0a7e0500,0x000a7e05,0x06000a7e,0x7e06000a,0x0a7e0600,0x000a7e06,0x07000a7e,0x7e07000a,0x0a7e0700,0x000a7e07,0x08000a7e,0x7e08000a,0x0a7e0800",0x000e,0x06,0x01,0x0380,0x0040,0x0040,0x001e,0x000000ee,0x00,0x04,0x00,0x00,0x2240
54,0x36,"0x000a7e0c,0x0d000a7e,0x7e0d000a,0x0a7e0d00,0x000a7e0d,0x0e000a7e,0x7e0e000a,0x0a7e0e00,0x000a7e0e,0x0f000a7e,0x7e0f000a,0x0a7e0f00,0x000a7e0f,0x10000a7e,0x7e10000a,0x0a7e1000",0x000e,0x07,0x01,0x03c0,0x0080,0x0040,0x001e,0x000000ef,0x00,0x04,0x00,0x00,0x2240
55,0x37,"0x000a7b0c,0x0d000a7b,0x7b0d000a,0x0a7b0d00,0x000a7b0d,0x0e000a7b,0x7b0e000a,0x0a7b0e00,0x000a7b0e,0x0f000a7b,0x7b0f000a,0x0a7b0f00,0x000a7b0f,0x10000a7b,0x7b10000a,0x0a7b1000",0x0008,0x07,0x01,0x03c0,0x2480,0x0040,0x001e,0x0000008f,0x00,0x04,0x00,0x00,0x2240
56,0x38,"0xffffffff,0x0dffffff,0x780dffff,0x0a780dff,0x000a780d,0x0e000a78,0x780e000a,0x0a780e00,0x000a780e,0x0f000a78,0x780f000a,0x0a780f00,0x000a780f,0x10000a78,0x7810000a,0x0a781000",0x0002,0x07,0x01,0x03ff,0x0000,0x0000,0x001e,0x00000000,0x00,0x04,0x00,0x00,0x0281
57,0x39,"0xffffffff,0xd6ffffff,0x75d6ffff,0x0a75d6ff,0x000a75d6,0xd7000a75,0x75d7000a,0x0a75d700,0x000a75d7,0xd8000a75,0x75d8000a,0x0a75d800,0x000a75d8,0xd9000a75,0x75d9000a,0x0a75d900",0x017d,0x07,0x00,0x0000,0x24c0,0x0200,0x0011,0x00000000,0x00,0x04,0x00,0x80,0x0081
58,0x3a,"0x000a7b14,0x15000a7b,0x7b15000a,0x0a7b1500,0x000a7b15,0x16000a7b,0x7b16000a,0x0a7b1600,0x000a7b16,0x17000a7b,0x7b17000a,0x0a7b1700,0x000a7b17,0x18000a7b,0x7b18000a,0x0a7b1800",0x0009,0x00,0x00,0x0000,0x24c0,0x0040,0x001e,0x00000090,0x00,0x04,0x00,0x00,0x0040
59,0x3b,"0x000a7b1c,0x1d000a7b,0x7b1d000a,0x0a7b1d00,0x000a7b1d,0x1e000a7b,0x7b1e000a,0x0a7b1e00,0x000a7b1e,0x1f000a7b,0x7b1f000a,0x0a7b1f00,0x000a7b1f,0x20000a7b,0x7b20000a,0x0a7b2000",0x0009,0x01,0x00,0x0040,0x2500,0x0040,0x001e,0x00000091,0x00,0x04,0x00,0x00,0x0040
60,0x3c,"0x000a7b24,0x25000a7b,0x7b25000a,0x0a7b2500,0x000a7b25,0x26000a7b,0x7b26000a,0x0a7b2600,0x000a7b26,0x27000a7b,0x7b27000a,0x0a7b2700,0x000a7b27,0x28000a7b,0x7b28000a,0x0a7b2800",0x0009,0x02,0x00,0x0080,0x2540,0x0040,0x001e,0x00000092,0x00,0x04,0x00,0x00,0x0040
61,0x3d,"0x000a7b2c,0x2d000a7b,0x7b2d000a,0x0a7b2d00,0x000a7b2d,0x2e000a7b,0x7b2e000a,0x0a7b2e00,0x000a7b2e,0x2f000a7b,0x7b2f000a,0x0a7b2f00,0x000a7b2f,0x30000a7b,0x7b30000a,0x0a7b3000",0x0009,0x03,0x00,0x00c0,0x2580,0x0040,0x001e,0x00000093,0x00,0x04,0x00,0x00,0x0040
62,0x3e,"0x000a7b34,0x35000a7b,0x7b35000a,0x0a7b3500,0x000a7b35,0x36000a7b,0x7b36000a,0x0a7b3600,0x000a7b36,0x37000a7b,0x7b37000a,0x0a7b3700,0x000a7b37,0x38000a7b,0x7b38000a,0x0a7b3800",0x0009,0x04,0x00,0x0100,0x25c0,0x0040,0x001e,0x00000094,0x00,0x04,0x00,0x00,0x0040
63,0x3f,"0x000a7b3c,0x3d000a7b,0x7b3d000a,0x0a7b3d00,0x000a7b3d,0x3e000a7b,0x7b3e000a,0x0a7b3e00,0x000a7b3e,0x3f000a7b,0x7b3f000a,0x0a7b3f00,0x000a7b3f,0x40000a7b,0x7b40000a,0x0a7b4000",0x0009,0x05,0x00,0x0140,0x2600,0x0040,0x001e,0x00000095,0x00,0x04,0x00,0x00,0x0040
64,0x40,"0x000a7b44,0x45000a7b,0x7b45000a,0x0a7b4500,0x000a7b45,0x46000a7b,0x7b46000a,0x0a7b4600,0x000a7b46,0x47000a7b,0x7b47000a,0x0a7b4700,0x000a7b47,0x48000a7b,0x7b48000a,0x0a7b4800",0x0009,0x06,0x00,0x0180,0x2640,0x0040,0x001e,0x00000096,0x00,0x04,0x00,0x00,0x0040
65,0x41,"0x000a7b4c,0x4d000a7b,0x7b4d000a,0x0a7b4d00,0x000a7b4d,0x4e000a7b,0x7b4e000a,0x0a7b4e00,0x000a7b4e,0x4f000a7b,0x7b4f000a,0x0a7b4f00,0x000a7b4f,0x50000a7b,0x7b50000a,0x0a7b5000",0x0009,0x07,0x00,0x01c0,0x2680,0x0040,0x001e,0x00000097,0x00,0x04,0x00,0x00,0x0040
66,0x42,"0xffffffff,0x4dffffff,0x784dffff,0x0a784dff,0x000a784d,0x4e000a78,0x784e000a,0x0a784e00,0x000a784e,0x4f000a78,0x784f000a,0x0a784f00,0x000a784f,0x50000a78,0x7850000a,0x0a785000",0x0003,0x07,0x00,0x03ff,0x0000,0x0000,0x001e,0x00000000,0x00,0x04,0x04,0x00,0x0281
67,0x43,"0xffffffff,0xfeffffff,0x75feffff,0x0a75feff,0x000a75fe,0xff000a75,0x75ff000a,0x0a75ff00,0x000a75ff,0x00000a75,0x7600000a,0x0a760000,0x000a7600,0x01000a76,0x7601000a,0x0a760100",0x017d,0x04,0x01,0x0200,0x28c0,0x0200,0x0011,0x00000000,0x00,0x04,0x04,0x80,0x0081
68,0x44,"0x000a7b94,0x95000a7b,0x7b95000a,0x0a7b9500,0x000a7b95,0x96000a7b,0x7b96000a,0x0a7b9600,0x000a7b96,0x97000a7b,0x7b97000a,0x0a7b9700,0x000a7b97,0x98000a7b,0x7b98000a,0x0a7b9800",0x000a,0x00,0x00,0x0200,0x28c0,0x0040,0x001e,0x000000a0,0x00,0x04,0x00,0x00,0x0040
69,0x45,"0x000a7b9c,0x9d000a7b,0x7b9d000a,0x0a7b9d00,0x000a7b9d,0x9e000a7b,0x7b9e000a,0x0a7b9e00,0x000a7b9e,0x9f000a7b,0x7b9f000a,0x0a7b9f00,0x000a7b9f,0xa0000a7b,0x7ba0000a,0x0a7ba000",0x000a,0x01,0x00,0x0240,0x2900,0x0040,0x001e,0x000000a1,0x00,0x04,0x00,0x00,0x0040
70,0x46,"0x000a7ba4,0xa5000a7b,0x7ba5000a,0x0a7ba500,0x000a7ba5,0xa6000a7b,0x7ba6000a,0x0a7ba600,0x000a7ba6,0xa7000a7b,0x7ba7000a,0x0a7ba700,0x000a7ba7,0xa8000a7b,0x7ba8000a,0x0a7ba800",0x000a,0x02,0x00,0x0280,0x2940,0x0040,0x001e,0x000000a2,0x00,0x04,0x00,0x00,0x0040
71,0x47,"0x000a7bac,0xad000a7b,0x7bad000a,0x0a7bad00,0x000a7bad,0xae000a7b,0x7bae000a,0x0a7bae00,0x000a7bae,0xaf000a7b,0x7baf000a,0x0a7baf00,0x000a7baf,0xb0000a7b,0x7bb0000a,0x0a7bb000",0x000a,0x03,0x00,0x02c0,0x2980,0x0040,0x001e,0x000000a3,0x00,0x04,0x00,0x00,0x0040
72,0x48,"0x000a7bb4,0xb5000a7b,0x7bb5000a,0x0a7bb500,0x000a7bb5,0xb6000a7b,0x7bb6000a,0x0a7bb600,0x000a7bb6,0xb7000a7b,0x7bb7000a,0x0a7bb700,0x000a7bb7,0xb8000a7b,0x7bb8000a,0x0a7bb800",0x000a,0x04,0x00,0x0300,0x29c0,0x0040,0x001e,0x000000a4,0x00,0x04,0x00,0x00,0x0040
73,0x49,"0x000a7bbc,0xbd000a7b,0x7bbd000a,0x0a7bbd00,0x000a7bbd,0xbe000a7b,0x7bbe000a,0x0a7bbe00,0x000a7bbe,0xbf000a7b,0x7bbf000a,0x0a7bbf00,0x000a7bbf,0xc0000a7b,0x7bc0000a,0x0a7bc000",0x000a,0x05,0x00,0x0340,0x2a00,0x0040,0x001e,0x000000a5,0x00,0x04,0x00,0x00,0x0040
74,0x4a,"0x000a7bc4,0xc5000a7b,0x7bc5000a,0x0a7bc500,0x000a7bc5,0xc6000a7b,0x7bc6000a,0x0a7bc600,0x000a7bc6,0xc7000a7b,0x7bc7000a,0x0a7bc700,0x000a7bc7,0xc8000a7b,0x7bc8000a,0x0a7bc800",0x000a,0x06,0x00,0x0380,0x2a40,0x0040,0x001e,0x000000a6,0x00,0x04,0x00,0x00,0x0040
75,0x4b,"0x000a7bcc,0xcd000a7b,0x7bcd000a,0x0a7bcd00,0x000a7bcd,0xce000a7b,0x7bce000a,0x0a7bce00,0x000a7bce,0xcf000a7b,0x7bcf000a,0x0a7bcf00,0x000a7bcf,0xd0000a7b,0x7bd0000a,0x0a7bd000",0x000a,0x07,0x00,0x03c0,0x2a80,0x0040,0x001e,0x000000a7,0x00,0x04,0x00,0x00,0x0040
76,0x4c,"0xffffffff,0xcdffffff,0x78cdffff,0x0a78cdff,0x000a78cd,0xce000a78,0x78ce000a,0x0a78ce00,0x000a78ce,0xcf000a78,0x78cf000a,0x0a78cf00,0x000a78cf,0xd0000a78,0x78d0000a,0x0a78d000",0x0004,0x07,0x00,0x03ff,0x0000,0x0000,0x001e,0x00000000,0x00,0x04,0x08,0x00,0x0281
77,0x4d,"0xffffffff,0x32ffffff,0x7632ffff,0x0a7632ff,0x000a7632,0x33000a76,0x7633000a,0x0a763300,0x000a7633,0x34000a76,0x7634000a,0x0a763400,0x000a7634,0x35000a76,0x7635000a,0x0a763500",0x017e,0x03,0x00,0x0000,0x2cc0,0x0200,0x0011,0x00000000,0x00,0x04,0x08,0x80,0x0081
78,0x4e,"0x000a7c14,0x15000a7c,0x7c15000a,0x0a7c1500,0x000a7c15,0x16000a7c,0x7c16000a,0x0a7c1600,0x000a7c16,0x17000a7c,0x7c17000a,0x0a7c1700,0x000a7c17,0x18000a7c,0x7c18000a,0x0a7c1800",0x000b,0x00,0x00,0x0000,0x2cc0,0x0040,0x001e,0x000000b0,0x00,0x04,0x00,0x00,0x2240
79,0x4f,"0x000a7c1c,0x1d000a7c,0x7c1d000a,0x0a7c1d00,0x000a7c1d,0x1e000a7c,0x7c1e000a,0x0a7c1e00,0x000a7c1e,0x1f000a7c,0x7c1f000a,0x0a7c1f00,0x000a7c1f,0x20000a7c,0x7c20000a,0x0a7c2000",0x000b,0x01,0x00,0x0040,0x2d00,0x0040,0x001e,0x000000b1,0x00,0x04,0x00,0x00,0x2240
80,0x50,"0x000a7c24,0x25000a7c,0x7c25000a,0x0a7c2500,0x000a7c25,0x26000a7c,0x7c26000a,0x0a7c2600,0x000a7c26,0x27000a7c,0x7c27000a,0x0a7c2700,0x000a7c27,0x28000a7c,0x7c28000a,0x0a7c2800",0x000b,0x02,0x00,0x0080,0x2d40,0x0040,0x001e,0x000000b2,0x00,0x04,0x00,0x00,0x2240
81,0x51,"0x000a7c2c,0x2d000a7c,0x7c2d000a,0x0a7c2d00,0x000a7c2d,0x2e000a7c,0x7c2e000a,0x0a7c2e00,0x000a7c2e,0x2f000a7c,0x7c2f000a,0x0a7c2f00,0x000a7c2f,0x30000a7c,0x7c30000a,0x0a7c3000",0x000b,0x03,0x00,0x00c0,0x2d80,0x0040,0x001e,0x000000b3,0x00,0x04,0x00,0x00,0x2240
82,0x52,"0x000a7c34,0x35000a7c,0x7c35000a,0x0a7c3500,0x000a7c35,0x36000a7c,0x7c36000a,0x0a7c3600,0x000a7c36,0x37000a7c,0x7c37000a,0x0a7c3700,0x000a7c37,0x38000a7c,0x7c38000a,0x0a7c3800",0x000b,0x04,0x00,0x0100,0x2dc0,0x0040,0x001e,0x000000b4,0x00,0x04,0x00,0x00,0x2240
83,0x53,"0x000a7c3c,0x3d000a7c,0x7c3d000a,0x0a7c3d00,0x000a7c3d,0x3e000a7c,0x7c3e000a,0x0a7c3e00,0x000a7c3e,0x3f000a7c,0x7c3f000a,0x0a7c3f00,0x000a7c3f,0x40000a7c,0x7c40000a,0x0a7c4000",0x000b,0x05,0x00,0x0140,0x2e00,0x0040,0x001e,0x000000b5,0x00,0x04,0x00,0x00,0x2240
84,0x54,"0x000a7c44,0x45000a7c,0x7c45000a,0x0a7c4500,0x000a7c45,0x46000a7c,0x7c46000a,0x0a7c4600,0x000a7c46,0x47000a7c,0x7c47000a,0x0a7c4700,0x000a7c47,0x48000a7c,0x7c48000a,0x0a7c4800",0x000b,0x06,0x00,0x0180,0x2e40,0x0040,0x001e,0x000000b6,0x00,0x04,0x00,0x00,0x2240
85,0x55,"0x000a7c4c,0x4d000a7c,0x7c4d000a,0x0a7c4d00,0x000a7c4d,0x4e000a7c,0x7c4e000a,0x0a7c4e00,0x000a7c4e,0x4f000a7c,0x7c4f000a,0x0a7c4f00,0x000a7c4f,0x50000a7c,0x7c50000a,0x0a7c5000",0x000b,0x07,0x00,0x01c0,0x2e80,0x0040,0x001e,0x000000b7,0x00,0x04,0x00,0x00,0x2240
86,0x56,"0xffffffff,0x4dffffff,0x794dffff,0x0a794dff,0x000a794d,0x4e000a79,0x794e000a,0x0a794e00,0x000a794e,0x4f000a79,0x794f000a,0x0a794f00,0x000a794f,0x50000a79,0x7950000a,0x0a795000",0x0005,0x07,0x00,0x03ff,0x0000,0x0000,0x001e,0x00000000,0x00,0x04,0x00,0x00,0x0281
87,0x57,"0xffffffff,0x62ffffff,0x7662ffff,0x0a7662ff,0x000a7662,0x63000a76,0x7663000a,0x0a766300,0x000a7663,0x64000a76,0x7664000a,0x0a766400,0x000a7664,0x65000a76,0x7665000a,0x0a766500",0x017e,0x01,0x01,0x0200,0x26c0,0x0200,0x0011,0x00000010,0x00,0x04,0x00,0x80,0x0081
88,0x58,"0xffffffff,0x6affffff,0x766affff,0x0a766aff,0x000a766a,0x6b000a76,0x766b000a,0x0a766b00,0x000a766b,0x6c000a76,0x766c000a,0x0a766c00,0x000a766c,0x6d000a76,0x766d000a,0x0a766d00",0x017e,0x02,0x01,0x0000,0x0003,0x0020,0x0011,0x00000020,0x00,0x04,0x00,0x80,0x0881
89,0x59,"0x000a7b54,0x55000a7b,0x7b55000a,0x0a7b5500,0x000a7b55,0x56000a7b,0x7b56000a,0x0a7b5600,0x000a7b56,0x57000a7b,0x7b57000a,0x0a7b5700,0x000a7b57,0x58000a7b,0x7b58000a,0x0a7b5800",0x0009,0x00,0x01,0x0200,0x26c0,0x0040,0x001e,0x00000098,0x00,0x04,0x00,0x00,0x0040
90,0x5a,"0x000a7b5c,0x5d000a7b,0x7b5d000a,0x0a7b5d00,0x000a7b5d,0x5e000a7b,0x7b5e000a,0x0a7b5e00,0x000a7b5e,0x5f000a7b,0x7b5f000a,0x0a7b5f00,0x000a7b5f,0x60000a7b,0x7b60000a,0x0a7b6000",0x0009,0x01,0x01,0x0240,0x2700,0x0040,0x001e,0x00000099,0x00,0x04,0x00,0x00,0x0040
91,0x5b,"0x000a7b64,0x65000a7b,0x7b65000a,0x0a7b6500,0x000a7b65,0x66000a7b,0x7b66000a,0x0a7b6600,0x000a7b66,0x67000a7b,0x7b67000a,0x0a7b6700,0x000a7b67,0x68000a7b,0x7b68000a,0x0a7b6800",0x0009,0x02,0x01,0x0280,0x2740,0x0040,0x001e,0x0000009a,0x00,0x04,0x00,0x00,0x0040
92,0x5c,"0x000a7b6c,0x6d000a7b,0x7b6d000a,0x0a7b6d00,0x000a7b6d,0x6e000a7b,0x7b6e000a,0x0a7b6e00,0x000a7b6e,0x6f000a7b,0x7b6f000a,0x0a7b6f00,0x000a7b6f,0x70000a7b,0x7b70000a,0x0a7b7000",0x0009,0x03,0x01,0x02c0,0x2780,0x0040,0x001e,0x0000009b,0x00,0x04,0x00,0x00,0x0040
93,0x5d,"0x000a7b74,0x75000a7b,0x7b75000a,0x0a7b7500,0x000a7b75,0x76000a7b,0x7b76000a,0x0a7b7600,0x000a7b76,0x77000a7b,0x7b77000a,0x0a7b7700,0x000a7b77,0x78000a7b,0x7b78000a,0x0a7b7800",0x0009,0x04,0x01,0x0300,0x27c0,0x0040,0x001e,0x0000009c,0x00,0x04,0x00,0x00,0x0040
94,0x5e,"0x000a7b7c,0x7d000a7b,0x7b7d000a,0x0a7b7d00,0x000a7b7d,0x7e000a7b,0x7b7e000a,0x0a7b7e00,0x000a7b7e,0x7f000a7b,0x7b7f000a,0x0a7b7f00,0x000a7b7f,0x80000a7b,0x7b80000a,0x0a7b8000",0x0009,0x05,0x01,0x0340,0x2800,0x0040,0x001e,0x0000009d,0x00,0x04,0x00,0x00,0x0040
95,0x5f,"0x000a7b84,0x85000a7b,0x7b85000a,0x0a7b8500,0x000a7b85,0x86000a7b,0x7b86000a,0x0a7b8600,0x000a7b86,0x87000a7b,0x7b87000a,0x0a7b8700,0x000a7b87,0x88000a7b,0x7b88000a,0x0a7b8800",0x0009,0x06,0x01,0x0380,0x2840,0x0040,0x001e,0x0000009e,0x00,0x04,0x00,0x00,0x0040
96,0x60,"0x000a7b8c,0x8d000a7b,0x7b8d000a,0x0a7b8d00,0x000a7b8d,0x8e000a7b,0x7b8e000a,0x0a7b8e00,0x000a7b8e,0x8f000a7b,0x7b8f000a,0x0a7b8f00,0x000a7b8f,0x90000a7b,0x7b90000a,0x0a7b9000",0x0009,0x07,0x01,0x03c0,0x2880,0x0040,0x001e,0x0000009f,0x00,0x04,0x00,0x00,0x0040
97,0x61,"0xffffffff,0x8dffffff,0x788dffff,0x0a788dff,0x000a788d,0x8e000a78,0x788e000a,0x0a788e00,0x000a788e,0x8f000a78,0x788f000a,0x0a788f00,0x000a788f,0x90000a78,0x7890000a,0x0a789000",0x0003,0x07,0x01,0x03ff,0x0000,0x0000,0x001e,0x00000000,0x00,0x04,0x04,0x00,0x0281
98,0x62,"0xffffffff,0x32ffffff,0x7432ffff,0x0a7432ff,0x000a7432,0x33000a74,0x7433000a,0x0a743300,0x000a7433,0x34000a74,0x7434000a,0x0a743400,0x000a7434,0x35000a74,0x7435000a,0x0a743500",0x017a,0x01,0x00,0x0000,0x2ac0,0x0200,0x0011,0x00000010,0x00,0x04,0x04,0x80,0x0081
99,0x63,"0xffffffff,0x3affffff,0x743affff,0x0a743aff,0x000a743a,0x3b000a74,0x743b000a,0x0a743b00,0x000a743b,0x3c000a74,0x743c000a,0x0a743c00,0x000a743c,0x3d000a74,0x743d000a,0x0a743d00",0x017a,0x02,0x00,0x0000,0x000f,0x0020,0x0011,0x00000020,0x00,0x04,0x04,0x80,0x0881
100,0x64,"0x000a7bd4,0xd5000a7b,0x7bd5000a,0x0a7bd500,0x000a7bd5,0xd6000a7b,0x7bd6000a,0x0a7bd600,0x000a7bd6,0xd7000a7b,0x7bd7000a,0x0a7bd700,0x000a7bd7,0xd8000a7b,0x7bd8000a,0x0a7bd800",0x000a,0x00,0x01,0x0000,0x2ac0,0x0040,0x001e,0x000000a8,0x00,0x04,0x00,0x00,0x0040
101,0x65,"0x000a7bdc,0xdd000a7b,0x7bdd000a,0x0a7bdd00,0x000a7bdd,0xde000a7b,0x7bde000a,0x0a7bde00,0x000a7bde,0xdf000a7b,0x7bdf000a,0x0a7bdf00,0x000a7bdf,0xe0000a7b,0x7be0000a,0x0a7be000",0x000a,0x01,0x01,0x0040,0x2b00,0x0040,0x001e,0x000000a9,0x00,0x04,0x00,0x00,0x0040
102,0x66,"0x000a7be4,0xe5000a7b,0x7be5000a,0x0a7be500,0x000a7be5,0xe6000a7b,0x7be6000a,0x0a7be600,0x000a7be6,0xe7000a7b,0x7be7000a,0x0a7be700,0x000a7be7,0xe8000a7b,0x7be8000a,0x0a7be800",0x000a,0x02,0x01,0x0080,0x2b40,0x0040,0x001e,0x000000aa,0x00,0x04,0x00,0x00,0x0040
103,0x67,"0x000a7bec,0xed000a7b,0x7bed000a,0x0a7bed00,0x000a7bed,0xee000a7b,0x7bee000a,0x0a7bee00,0x000a7bee,0xef000a7b,0x7bef000a,0x0a7bef00,0x000a7bef,0xf0000a7b,0x7bf0000a,0x0a7bf000",0x000a,0x03,0x01,0x00c0,0x2b80,0x0040,0x001e,0x000000ab,0x00,0x04,0x00,0x00,0x0040
104,0x68,"0x000a7bf4,0xf5000a7b,0x7bf5000a,0x0a7bf500,0x000a7bf5,0xf6000a7b,0x7bf6000a,0x0a7bf600,0x000a7bf6,0xf7000a7b,0x7bf7000a,0x0a7bf700,0x000a7bf7,0xf8000a7b,0x7bf8000a,0x0a7bf800",0x000a,0x04,0x01,0x0100,0x2bc0,0x0040,0x001e,0x000000ac,0x00,0x04,0x00,0x00,0x0040
105,0x69,"0x000a7bfc,0xfd000a7b,0x7bfd000a,0x0a7bfd00,0x000a7bfd,0xfe000a7b,0x7bfe000a,0x0a7bfe00,0x000a7bfe,0xff000a7b,0x7bff000a,0x0a7bff00,0x000a7bff,0x00000a7b,0x7c00000a,0x0a7c0000",0x000a,0x05,0x01,0x0140,0x2c00,0x0040,0x001e,0x000000ad,0x00,0x04,0x00,0x00,0x0040
106,0x6a,"0x000a7c04,0x05000a7c,0x7c05000a,0x0a7c0500,0x000a7c05,0x06000a7c,0x7c06000a,0x0a7c0600,0x000a7c06,0x07000a7c,0x7c07000a,0x0a7c0700,0x000a7c07,0x08000a7c,0x7c08000a,0x0a7c0800",0x000a,0x06,0x01,0x0180,0x2c40,0x0040,0x001e,0x000000ae,0x00,0x04,0x00,0x00,0x0040
107,0x6b,"0x000a7c0c,0x0d000a7c,0x7c0d000a,0x0a7c0d00,0x000a7c0d,0x0e000a7c,0x7c0e000a,0x0a7c0e00,0x000a7c0e,0x0f000a7c,0x7c0f000a,0x0a7c0f00,0x000a7c0f,0x10000a7c,0x7c10000a,0x0a7c1000",0x000a,0x07,0x01,0x01c0,0x2c80,0x0040,0x001e,0x000000af,0x00,0x04,0x00,0x00,0x0040
108,0x6c,"0xffffffff,0x0dffffff,0x790dffff,0x0a790dff,0x000a790d,0x0e000a79,0x790e000a,0x0a790e00,0x000a790e,0x0f000a79,0x790f000a,0x0a790f00,0x000a790f,0x10000a79,0x7910000a,0x0a791000",0x0004,0x07,0x01,0x03ff,0x0000,0x0000,0x001e,0x00000000,0x00,0x04,0x08,0x00,0x0281
109,0x6d,"0xffffffff,0x04ffffff,0x0004ffff,0x000004ff,0x00000004,0x0e000000,0x000e0000,0x00000e00,0x0000000e,0x6c000000,0x746c0000,0x0a746c00,0x000a746c,0x6d000a74,0x746d000a,0x0a746d00",0x017f,0x07,0x00,0x0200,0x2ec0,0x0200,0x0011,0x00000010,0x00,0x00,0x08,0x80,0x0081
110,0x6e,"0xffffffff,0x04ffffff,0x0004ffff,0x000004ff,0x00000004,0x0e000000,0x000e0000,0x00000e00,0x0000000e,0x74000000,0x74740000,0x0a747400,0x000a7474,0x75000a74,0x7475000a,0x0a747500",0x017f,0x00,0x01,0x0000,0x001b,0x0020,0x0011,0x00000020,0x00,0x00,0x08,0x80,0x0881
111,0x6f,"0x000a7c54,0x55000a7c,0x7c55000a,0x0a7c5500,0x000a7c55,0x56000a7c,0x7c56000a,0x0a7c5600,0x000a7c56,0x57000a7c,0x7c57000a,0x0a7c5700,0x000a7c57,0x58000a7c,0x7c58000a,0x0a7c5800",0x000b,0x00,0x01,0x0200,0x2ec0,0x0040,0x001e,0x000000b8,0x00,0x04,0x00,0x00,0x2240
112,0x70,"0x000a7c5c,0x5d000a7c,0x7c5d000a,0x0a7c5d00,0x000a7c5d,0x5e000a7c,0x7c5e000a,0x0a7c5e00,0x000a7c5e,0x5f000a7c,0x7c5f000a,0x0a7c5f00,0x000a7c5f,0x60000a7c,0x7c60000a,0x0a7c6000",0x000b,0x01,0x01,0x0240,0x2f00,0x0040,0x001e,0x000000b9,0x00,0x04,0x00,0x00,0x2240
113,0x71,"0x000a7c64,0x65000a7c,0x7c65000a,0x0a7c6500,0x000a7c65,0x66000a7c,0x7c66000a,0x0a7c6600,0x000a7c66,0x67000a7c,0x7c67000a,0x0a7c6700,0x000a7c67,0x68000a7c,0x7c68000a,0x0a7c6800",0x000b,0x02,0x01,0x0280,0x2f40,0x0040,0x001e,0x000000ba,0x00,0x04,0x00,0x00,0x2240
114,0x72,"0x000a7c6c,0x6d000a7c,0x7c6d000a,0x0a7c6d00,0x000a7c6d,0x6e000a7c,0x7c6e000a,0x0a7c6e00,0x000a7c6e,0x6f000a7c,0x7c6f000a,0x0a7c6f00,0x000a7c6f,0x70000a7c,0x7c70000a,0x0a7c7000",0x000b,0x03,0x01,0x02c0,0x2f80,0x0040,0x001e,0x000000bb,0x00,0x04,0x00,0x00,0x2240
115,0x73,"0x000a7c74,0x75000a7c,0x7c75000a,0x0a7c7500,0x000a7c75,0x76000a7c,0x7c76000a,0x0a7c7600,0x000a7c76,0x77000a7c,0x7c77000a,0x0a7c7700,0x000a7c77,0x78000a7c,0x7c78000a,0x0a7c7800",0x000b,0x04,0x01,0x0300,0x2fc0,0x0040,0x001e,0x000000bc,0x00,0x04,0x00,0x00,0x2240
116,0x74,"0x000a7c7c,0x7d000a7c,0x7c7d000a,0x0a7c7d00,0x000a7c7d,0x7e000a7c,0x7c7e000a,0x0a7c7e00,0x000a7c7e,0x7f000a7c,0x7c7f000a,0x0a7c7f00,0x000a7c7f,0x80000a7c,0x7c80000a,0x0a7c8000",0x000b,0x05,0x01,0x0340,0x3000,0x0040,0x001e,0x000000bd,0x00,0x04,0x00,0x00,0x2240
117,0x75,"0x000a7c84,0x85000a7c,0x7c85000a,0x0a7c8500,0x000a7c85,0x86000a7c,0x7c86000a,0x0a7c8600,0x000a7c86,0x87000a7c,0x7c87000a,0x0a7c8700,0x000a7c87,0x88000a7c,0x7c88000a,0x0a7c8800",0x000b,0x06,0x01,0x0380,0x3040,0x0040,0x001e,0x000000be,0x00,0x04,0x00,0x00,0x2240
118,0x76,"0x000a7c8c,0x8d000a7c,0x7c8d000a,0x0a7c8d00,0x000a7c8d,0x8e000a7c,0x7c8e000a,0x0a7c8e00,0x000a7c8e,0x8f000a7c,0x7c8f000a,0x0a7c8f00,0x000a7c8f,0x90000a7c,0x7c90000a,0x0a7c9000",0x000b,0x07,0x01,0x03c0,0x3080,0x0040,0x001e,0x000000bf,0x00,0x04,0x00,0x00,0x2240
119,0x77,"0xffffffff,0x8dffffff,0x798dffff,0x0a798dff,0x000a798d,0x8e000a79,0x798e000a,0x0a798e00,0x000a798e,0x8f000a79,0x798f000a,0x0a798f00,0x000a798f,0x90000a79,0x7990000a,0x0a799000",0x0005,0x07,0x01,0x03ff,0x0000,0x0000,0x001e,0x00000000,0x00,0x04,0x00,0x00,0x0281
120,0x78,"0xffffffff,0x3affffff,0x723affff,0x0a723aff,0x000a723a,0x3b000a72,0x723b000a,0x0a723b00,0x000a723b,0x3c000a72,0x723c000a,0x0a723c00,0x000a723c,0x3d000a72,0x723d000a,0x0a723d00",0x0176,0x00,0x00,0x0000,0x30c0,0x0200,0x0011,0x00000000,0x00,0x04,0x00,0x80,0x0081
121,0x79,"0x000a7c94,0x95000a7c,0x7c95000a,0x0a7c9500,0x000a7c95,0x96000a7c,0x7c96000a,0x0a7c9600,0x000a7c96,0x97000a7c,0x7c97000a,0x0a7c9700,0x000a7c97,0x98000a7c,0x7c98000a,0x0a7c9800",0x000c,0x00,0x00,0x0000,0x30c0,0x0040,0x001e,0x000000c0,0x00,0x04,0x00,0x00,0x0040
122,0x7a,"0x000a7c9c,0x9d000a7c,0x7c9d000a,0x0a7c9d00,0x000a7c9d,0x9e000a7c,0x7c9e000a,0x0a7c9e00,0x000a7c9e,0x9f000a7c,0x7c9f000a,0x0a7c9f00,0x000a7c9f,0xa0000a7c,0x7ca0000a,0x0a7ca000",0x000c,0x01,0x00,0x0040,0x3100,0x0040,0x001e,0x000000c1,0x00,0x04,0x00,0x00,0x0040
123,0x7b,"0x000a7ca4,0xa5000a7c,0x7ca5000a,0x0a7ca500,0x000a7ca5,0xa6000a7c,0x7ca6000a,0x0a7ca600,0x000a7ca6,0xa7000a7c,0x7ca7000a,0x0a7ca700,0x000a7ca7,0xa8000a7c,0x7ca8000a,0x0a7ca800",0x000c,0x02,0x00,0x0080,0x3140,0x0040,0x001e,0x000000c2,0x00,0x04,0x00,0x00,0x0040
124,0x7c,"0x000a7cac,0xad000a7c,0x7cad000a,0x0a7cad00,0x000a7cad,0xae000a7c,0x7cae000a,0x0a7cae00,0x000a7cae,0xaf000a7c,0x7caf000a,0x0a7caf00,0x000a7caf,0xb0000a7c,0x7cb0000a,0x0a7cb000",0x000c,0x03,0x00,0x00c0,0x3180,0x0040,0x001e,0x000000c3,0x00,0x04,0x00,0x00,0x0040
125,0x7d,"0x000a7cb4,0xb5000a7c,0x7cb5000a,0x0a7cb500,0x000a7cb5,0xb6000a7c,0x7cb6000a,0x0a7cb600,0x000a7cb6,0xb7000a7c,0x7cb7000a,0x0a7cb700,0x000a7cb7,0xb8000a7c,0x7cb8000a,0x0a7cb800",0x000c,0x04,0x00,0x0100,0x31c0,0x0040,0x001e,0x000000c4,0x00,0x04,0x00,0x00,0x0040
126,0x7e,"0x000a7cbc,0xbd000a7c,0x7cbd000a,0x0a7cbd00,0x000a7cbd,0xbe000a7c,0x7cbe000a,0x0a7cbe00,0x000a7cbe,0xbf000a7c,0x7cbf000a,0x0a7cbf00,0x000a7cbf,0xc0000a7c,0x7cc0000a,0x0a7cc000",0x000c,0x05,0x00,0x0140,0x3200,0x0040,0x001e,0x000000c5,0x00,0x04,0x00,0x00,0x0040
